Date,Open,High,Low,Close,MA20,MA50,RSI14,TR,ATR14,decision,rule,reason
2024-08-01,2448.675,2461.985,2430.375,2446.325,,,,31.610000000000127,31.610000000000127,WAIT,Init,Insufficient history for indicators
2024-08-02,2446.315,2477.655,2411.135,2437.455,,,0.0,66.51999999999998,34.10357142857155,WAIT,Init,Insufficient history for indicators
2024-08-05,2444.65,2458.275,2364.435,2410.415,,,0.0,93.84000000000015,38.370459183673596,WAIT,Init,Insufficient history for indicators
2024-08-06,2410.395,2418.22,2381.87,2390.72,,,0.0,36.34999999999991,38.22614067055405,WAIT,Init,Insufficient history for indicators
2024-08-07,2391.82,2407.01,2379.24,2382.845,,,0.0,27.770000000000437,37.47927347980022,WAIT,Init,Insufficient history for indicators
2024-08-08,2381.62,2427.58,2381.1,2427.5,,,24.411938841950573,46.48000000000002,38.12218251695735,WAIT,Init,Insufficient history for indicators
2024-08-09,2427.27,2437.04,2416.97,2429.08,,,25.108575050671547,20.070000000000164,36.83274090860327,WAIT,Init,Insufficient history for indicators
2024-08-12,2430.17,2473.285,2423.945,2472.8,,,41.24494449671939,49.33999999999969,37.726116557988725,WAIT,Init,Insufficient history for indicators
2024-08-13,2471.27,2476.895,2458.595,2465.115,,,39.62861095104656,18.300000000000182,36.33853680384669,WAIT,Init,Insufficient history for indicators
2024-08-14,2466.355,2478.815,2438.255,2448.005,,,36.22485982785697,40.559999999999945,36.64006988928621,WAIT,Init,Insufficient history for indicators
2024-08-15,2447.96,2470.095,2432.525,2456.785,,,39.114806495610075,37.56999999999971,36.70649346862289,WAIT,Init,Insufficient history for indicators
2024-08-16,2456.39,2508.875,2450.855,2508.135,,,52.63363549127361,58.01999999999998,38.228886792292684,WAIT,Init,Insufficient history for indicators
2024-08-19,2509.14,2509.71,2485.93,2504.23,,,51.69363149460923,23.7800000000002,37.19682344998608,WAIT,Init,Insufficient history for indicators
2024-08-20,2503.765,2531.66,2497.45,2513.975,,,53.905993925739615,34.210000000000036,36.98347891784422,WAIT,Init,Insufficient history for indicators
2024-08-21,2513.825,2519.98,2493.92,2512.42,,,53.48505646507849,26.059999999999945,36.20323042371248,WAIT,Init,Insufficient history for indicators
2024-08-22,2511.825,2514.7,2471.12,2484.8,,,46.53430562465863,43.57999999999993,36.73014253630444,WAIT,Init,Insufficient history for indicators
2024-08-23,2484.885,2518.2,2484.5,2510.94,,,52.78776604174153,33.69999999999982,36.51370378371126,WAIT,Init,Insufficient history for indicators
2024-08-26,2512.18,2526.82,2508.89,2518.05,,,54.351700324900754,17.93000000000029,35.18629637058904,WAIT,Init,Insufficient history for indicators
2024-08-27,2517.9,2525.95,2503.83,2524.59,,,55.80200532931316,22.11999999999989,34.25298948697553,WAIT,Init,Insufficient history for indicators
2024-08-28,2524.75,2528.94,2493.98,2504.735,2467.446,,50.55101250019451,34.960000000000036,34.303490237905855,WAIT,Init,Insufficient history for indicators
2024-08-29,2504.63,2528.62,2504.1,2521.175,2471.1885,,54.37902044264024,24.519999999999982,33.60466950662686,WAIT,Init,Insufficient history for indicators
2024-08-30,2521.36,2526.94,2494.43,2502.54,2474.44275,,49.68393323469894,32.51000000000022,33.5264788275821,WAIT,Init,Insufficient history for indicators
2024-09-02,2502.97,2507.36,2490.38,2499.54,2478.8990000000003,,48.95118956643378,16.980000000000018,32.34458748275481,WAIT,Init,Insufficient history for indicators
2024-09-03,2499.67,2506.35,2473.78,2492.96,2484.011,,47.303341204234655,32.56999999999971,32.36068837684373,WAIT,Init,Insufficient history for indicators
2024-09-04,2493.04,2500.02,2471.97,2495.65,2489.65125,,48.072930255201285,28.050000000000182,32.05278206421205,WAIT,Init,Insufficient history for indicators
2024-09-05,2495.54,2523.47,2493.92,2516.76,2494.1142499999996,,53.77781539452924,29.549999999999727,31.874011916768318,WAIT,Init,Insufficient history for indicators
2024-09-06,2516.835,2529.15,2485.33,2495.95,2497.4577500000005,,48.160687676141194,43.820000000000164,32.72729677985631,WAIT,Init,Insufficient history for indicators
2024-09-09,2496.73,2507.22,2485.71,2506.22,2499.12875,,50.88708948589747,21.509999999999764,31.926061295580844,WAIT,Init,Insufficient history for indicators
2024-09-10,2506.63,2518.37,2500.26,2516.65,2501.7055,,53.55846966863768,18.109999999999673,30.9391997744679,WAIT,Init,Insufficient history for indicators
2024-09-11,2516.725,2528.63,2501.14,2511.52,2504.88125,,52.058610977037226,27.490000000000236,30.692828362005926,WAIT,Init,Insufficient history for indicators
2024-09-12,2512.22,2560.08,2511.12,2558.795,2509.98175,,62.484850955362546,48.960000000000036,31.99762633614836,WAIT,Init,Insufficient history for indicators
2024-09-13,2558.725,2586.105,2556.765,2582.845,2513.71725,,66.47881945796276,29.340000000000146,31.80779588356635,WAIT,Init,Insufficient history for indicators
2024-09-16,2578.7,2589.6,2575.51,2582.51,2517.6312500000004,,66.37282024498913,14.08999999999969,30.542239034740163,WAIT,Init,Insufficient history for indicators
2024-09-17,2582.44,2586.92,2560.86,2569.59,2520.412,,62.25029658292133,26.059999999999945,30.222079103687292,WAIT,Init,Insufficient history for indicators
2024-09-18,2569.435,2600.105,2547.165,2559.005,2522.74125,,59.01617053039582,52.940000000000055,31.844787739138205,WAIT,Init,Insufficient history for indicators
2024-09-19,2558.685,2594.73,2551.495,2586.77,2527.83975,,64.26118999769514,43.23500000000013,32.65837432919977,WAIT,Init,Insufficient history for indicators
2024-09-20,2586.87,2625.77,2585.1,2621.17,2533.35125,,69.47377466780952,40.67000000000007,33.23063330568551,WAIT,Init,Insufficient history for indicators
2024-09-23,2621.09,2634.815,2613.995,2628.545,2538.8759999999997,,70.46824217683996,20.820000000000164,32.344159498136555,WAIT,Init,Insufficient history for indicators
2024-09-24,2628.585,2664.395,2622.875,2657.145,2545.5037500000003,,74.00493321722487,41.51999999999998,32.99957667684109,WAIT,Init,Insufficient history for indicators
2024-09-25,2657.15,2670.55,2650.24,2657.17,2553.1255,,74.00786349277914,20.3100000000004,32.09317834278104,WAIT,Init,Insufficient history for indicators
2024-09-26,2657.155,2685.39,2655.17,2672.45,2560.68925,,75.80319086452766,30.2199999999998,31.959379889725234,WAIT,Init,Insufficient history for indicators
2024-09-27,2672.34,2674.3,2643.19,2652.05,2568.16475,,68.95524274757676,31.110000000000127,31.898709897602014,WAIT,Init,Insufficient history for indicators
2024-09-30,2658.825,2666.035,2625.255,2634.735,2574.9245,,63.69556451048198,40.779999999999745,32.533087762059,WAIT,Init,Insufficient history for indicators
2024-10-01,2634.53,2672.775,2632.465,2663.435,2583.44825,,68.04625099690948,40.309999999999945,33.08858149334049,WAIT,Init,Insufficient history for indicators
2024-10-02,2663.675,2663.675,2641.7,2658.81,2591.60625,,66.65988723120407,21.975000000000364,32.2947542438162,WAIT,Init,Insufficient history for indicators
2024-10-03,2659.33,2662.6,2639.81,2656.21,2598.57875,,65.84769308510901,22.789999999999964,31.615843226400756,WAIT,Init,Insufficient history for indicators
2024-10-04,2656.195,2670.24,2632.44,2651.64,2606.36325,,64.36325925339399,37.79999999999973,32.057568710229255,WAIT,Init,Insufficient history for indicators
2024-10-07,2650.61,2659.67,2637.92,2642.66,2613.1852499999995,,61.43260856978328,21.75,31.321313802355736,WAIT,Init,Insufficient history for indicators
2024-10-08,2642.655,2652.935,2604.855,2621.955,2618.4505,,55.192531882949964,48.07999999999993,32.51836281647318,WAIT,Init,Insufficient history for indicators
2024-10-09,2621.76,2624.395,2605.335,2607.825,2623.2657499999996,2537.464,51.358506642141556,19.059999999999945,31.557051186725094,BUY 1 tranche ($500),B,Uptrend dip to/under MA20 (≤1×ATR)
2024-10-10,2607.715,2631.515,2605.315,2630.155,2626.8337500000002,2541.1406,56.501121021732494,26.199999999999818,31.174404673387574,WAIT,B0,Uptrend above MA20; wait for pullback
2024-10-11,2629.995,2661.485,2628.235,2656.195,2630.5012500000003,2545.5154,61.599694470049464,33.25,31.322661482431318,WAIT,B0,Uptrend above MA20; wait for pullback
2024-10-14,2653.36,2666.58,2643.36,2648.62,2633.8067499999997,2550.2795,59.41789797582229,23.2199999999998,30.743899947971922,WAIT,B0,Uptrend above MA20; wait for pullback
2024-10-15,2648.695,2668.925,2638.435,2662.855,2638.4700000000003,2555.7222,62.13224142599584,30.490000000000236,30.72576423740252,WAIT,B0,Uptrend above MA20; wait for pullback
2024-10-16,2662.85,2685.28,2658.77,2673.84,2644.21175,2561.5421,64.12628170637717,26.51000000000022,30.424638220445214,WAIT,B0,Uptrend above MA20; wait for pullback
2024-10-17,2674.09,2696.75,2673.33,2693.1,2649.5282500000003,2566.8541,67.37053792930135,23.420000000000073,29.924306918984847,WAIT,B0,Uptrend above MA20; wait for pullback
2024-10-18,2692.92,2721.3,2692.39,2719.83,2654.46125,2572.6691,71.25576863310789,28.91000000000031,29.85185642477167,WAIT,B0,Uptrend above MA20; wait for pullback
2024-10-21,2720.52,2740.585,2714.335,2719.745,2659.0212500000002,2577.6079999999997,71.22672476051602,26.25,29.594580965859407,WAIT,B0,Uptrend above MA20; wait for pullback
2024-10-22,2719.755,2749.015,2718.96,2749.015,2663.6147499999997,2583.2859999999996,75.00486791941805,30.054999999999836,29.62746803972658,WAIT,B0,Uptrend above MA20; wait for pullback
2024-10-23,2748.645,2758.345,2709.015,2715.52,2666.5322499999997,2588.6363,64.55810318072156,49.32999999999993,31.034791751174676,WAIT,B0,Uptrend above MA20; wait for pullback
2024-10-24,2715.62,2743.215,2715.57,2735.985,2669.709,2594.2203,67.53349618680014,27.695000000000164,30.796235197519355,WAIT,B0,Uptrend above MA20; wait for pullback
2024-10-25,2736.035,2745.035,2717.175,2742.535,2674.23325,2598.9083,68.4465338419235,27.859999999999673,30.586504111982237,WAIT,B0,Uptrend above MA20; wait for pullback
2024-10-28,2734.665,2745.975,2724.845,2742.225,2679.60775,2603.6682,68.34856507458454,21.13000000000011,29.91103953255494,WAIT,B0,Uptrend above MA20; wait for pullback
2024-10-29,2742.135,2775.34,2741.315,2774.68,2685.17,2608.8823,72.74662444246674,34.02500000000009,30.20489385165817,WAIT,B0,Uptrend above MA20; wait for pullback
2024-10-30,2774.71,2790.01,2771.09,2787.59,2691.6089999999995,2614.3857000000003,74.27773384552476,18.920000000000073,29.398830005111165,WAIT,B0,Uptrend above MA20; wait for pullback
2024-10-31,2787.45,2790.08,2731.86,2746.205,2696.10875,2619.6138,62.211819764240026,58.2199999999998,31.45748500474607,WAIT,B0,Uptrend above MA20; wait for pullback
2024-11-01,2746.355,2762.265,2733.345,2736.515,2700.3525,2624.1253,59.76385215649144,28.920000000000073,31.27623607583564,WAIT,B0,Uptrend above MA20; wait for pullback
2024-11-04,2735.4,2748.235,2730.99,2736.685,2705.05375,2628.498,59.79374286677525,17.245000000000346,30.27400492756169,WAIT,B0,Uptrend above MA20; wait for pullback
2024-11-05,2736.725,2749.955,2724.875,2743.995,2711.15575,2632.8860999999997,61.13088517169795,25.079999999999927,29.903004575592995,WAIT,B0,Uptrend above MA20; wait for pullback
2024-11-06,2743.99,2749.605,2652.475,2659.055,2713.71725,2635.9725,43.16655767606298,97.13000000000011,34.704932820193505,WAIT,B*,Dip >1×ATR below MA20 (stretched)
2024-11-07,2659.35,2710.12,2643.84,2706.51,2717.535,2639.6792,51.70547122670327,66.27999999999975,36.96029476160824,BUY 1 tranche ($500),B,Uptrend dip to/under MA20 (≤1×ATR)
2024-11-08,2706.28,2710.36,2680.46,2685.17,2718.98375,2643.3318,48.19852186003571,29.90000000000009,36.45598799292195,BUY 1 tranche ($500),B,Uptrend dip to/under MA20 (≤1×ATR)
2024-11-11,2684.775,2686.08,2610.77,2619.54,2717.52975,2645.7318,39.35732200925892,75.30999999999995,39.231274564856086,WAIT,B*,Dip >1×ATR below MA20 (stretched)
2024-11-12,2619.545,2626.995,2590.065,2598.275,2714.30075,2647.8381,36.989732818140546,36.929999999999836,39.066897810223495,WAIT,B*,Dip >1×ATR below MA20 (stretched)
2024-11-13,2598.425,2618.865,2572.78,2572.935,2709.2555,2649.3838,34.33883905344766,46.08499999999958,39.568190823778934,WAIT,B*,Dip >1×ATR below MA20 (stretched)
2024-11-14,2572.96,2581.33,2537.03,2565.05,2702.853,2650.3496,33.53351625362069,44.29999999999973,39.906177193508995,WAIT,B*,Dip >1×ATR below MA20 (stretched)
2024-11-15,2565.26,2575.67,2554.66,2562.33,2694.978,2651.6772,33.243883265461065,21.01000000000022,38.556450251115514,WAIT,B*,Dip >1×ATR below MA20 (stretched)
2024-11-18,2565.915,2614.95,2564.465,2611.87,2689.58425,2653.7902000000004,42.914735149787205,52.61999999999989,39.560989518892974,WAIT,B*,Dip >1×ATR below MA20 (stretched)
2024-11-19,2611.875,2639.395,2610.465,2632.265,2683.74675,2656.1025,46.35994195438299,28.929999999999836,38.801633124686326,WAIT,B*,Dip >1×ATR below MA20 (stretched)
2024-11-20,2632.185,2655.395,2618.975,2650.265,2680.484,2658.8774,49.2699237359168,36.42000000000007,38.631516472923025,BUY 1 tranche ($500),B,Uptrend dip to/under MA20 (≤1×ATR)
2024-11-21,2650.285,2673.505,2648.975,2669.665,2677.168,2661.0948,52.275035008277094,24.5300000000002,37.62426529628568,BUY 1 tranche ($500),B,Uptrend dip to/under MA20 (≤1×ATR)
2024-11-22,2669.67,2711.44,2668.21,2705.95,2675.33875,2663.5569,57.36245208762359,43.23000000000002,38.02467491797956,WAIT,B0,Uptrend above MA20; wait for pullback
2024-11-25,2714.3,2721.32,2615.74,2625.23,2669.489,2664.4113,45.693221698322176,105.58000000000038,42.850055280981046,WAIT,B*,Dip >1×ATR below MA20 (stretched)
2024-11-26,2625.04,2641.935,2605.355,2633.225,2662.4162499999998,2665.684,46.84658902434019,36.57999999999993,42.402194189482394,BUY 1 tranche ($500),A,MA20<MA50 & Close<=MA50 & RSI<50
2024-11-27,2631.83,2658.215,2627.215,2635.945,2654.834,2667.2227999999996,47.25699492319633,31.0,41.58775174737651,BUY 1 tranche ($500),A,MA20<MA50 & Close<=MA50 & RSI<50
2024-11-28,2637.015,2649.605,2621.035,2637.585,2649.403,2668.2391000000002,47.52010352818257,28.570000000000164,40.65791233684963,BUY 1 tranche ($500),A,MA20<MA50 & Close<=MA50 & RSI<50
2024-11-29,2638.655,2666.205,2634.475,2650.455,2645.1,2668.8248,49.64309661405402,31.730000000000018,40.02020431278894,BUY 1 tranche ($500),A,MA20<MA50 & Close<=MA50 & RSI<50
2024-12-02,2652.75,2652.9,2622.155,2639.06,2640.21875,2669.0351,47.7993629528768,30.74499999999989,39.357689719018296,BUY 1 tranche ($500),A,MA20<MA50 & Close<=MA50 & RSI<50
2024-12-03,2639.035,2655.595,2634.295,2643.665,2635.20225,2668.7655,48.629694347832526,21.299999999999727,38.067854739088396,BUY 1 tranche ($500),A,MA20<MA50 & Close<=MA50 & RSI<50
2024-12-04,2643.395,2657.155,2632.765,2650.095,2634.75425,2668.624,49.82971371954086,24.390000000000327,37.090865114867825,BUY 1 tranche ($500),A,MA20<MA50 & Close<=MA50 & RSI<50
2024-12-05,2649.91,2655.535,2623.675,2631.985,2631.028,2667.8147,46.53265912158191,31.859999999999673,36.71723189237725,BUY 1 tranche ($500),A,MA20<MA50 & Close<=MA50 & RSI<50
2024-12-06,2631.755,2645.615,2614.025,2631.985,2628.36875,2667.4133999999995,46.53265912158191,31.58999999999969,36.35100104292171,BUY 1 tranche ($500),A,MA20<MA50 & Close<=MA50 & RSI<50
2024-12-09,2645.48,2676.425,2627.745,2660.395,2630.4115,2667.9266000000002,52.277559973837796,48.68000000000029,37.23164382557018,WAIT,None,No rule matched
2024-12-10,2660.4,2695.59,2658.01,2693.945,2635.195,2668.5368,58.01472019111635,37.57999999999993,37.25652640945802,WAIT,None,No rule matched
2024-12-11,2694.195,2721.02,2676.25,2718.13,2642.45475,2669.7232,61.59864686643836,44.76999999999998,37.793203094496725,WAIT,None,No rule matched
2024-12-12,2718.385,2726.035,2675.375,2680.865,2648.2455,2670.2163,53.95603493101108,50.659999999999854,38.71226001631838,WAIT,None,No rule matched
2024-12-13,2681.115,2692.77,2646.63,2647.72,2652.515,2670.1379,48.22486556413741,46.13999999999987,39.24281287229563,BUY 1 tranche ($500),A,MA20<MA50 & Close<=MA50 & RSI<50
2024-12-16,2650.0,2664.415,2643.685,2652.725,2654.55775,2670.3392,49.10400461167135,20.730000000000018,37.92046909570308,BUY 1 tranche ($500),A,MA20<MA50 & Close<=MA50 & RSI<50
2024-12-17,2652.805,2658.595,2633.335,2646.63,2655.2760000000003,2670.8327000000004,48.03435241764954,25.259999999999764,37.016149874581416,BUY 1 tranche ($500),A,MA20<MA50 & Close<=MA50 & RSI<50
2024-12-18,2646.345,2651.745,2584.295,2585.34,2652.02975,2670.383,38.86591771888305,67.44999999999982,39.189996312111305,BUY 1 tranche ($500),A,MA20<MA50 & Close<=MA50 & RSI<50
2024-12-19,2585.48,2626.07,2583.64,2594.285,2648.2607500000004,2669.6656,40.64651174053083,42.43000000000029,39.421425146960516,BUY 1 tranche ($500),A,MA20<MA50 & Close<=MA50 & RSI<50
2024-12-20,2594.375,2631.96,2589.8,2623.09,2644.11775,2669.0035,46.091659788646744,42.159999999999854,39.61703763646332,BUY 1 tranche ($500),A,MA20<MA50 & Close<=MA50 & RSI<50
2024-12-23,2620.87,2633.325,2608.265,2612.945,2643.5035,2668.29,44.54177360875137,25.059999999999945,38.5772492338588,BUY 1 tranche ($500),A,MA20<MA50 & Close<=MA50 & RSI<50
2024-12-24,2612.62,2621.535,2610.235,2616.18,2642.65125,2667.3565000000003,45.174861652092524,11.299999999999727,36.628874288583155,BUY 1 tranche ($500),A,MA20<MA50 & Close<=MA50 & RSI<50
2024-12-26,2615.97,2639.145,2615.34,2633.795,2642.54375,2666.5556,48.614640935607646,23.804999999999836,35.712883267970064,BUY 1 tranche ($500),A,MA20<MA50 & Close<=MA50 & RSI<50
2024-12-27,2632.59,2638.275,2611.825,2615.555,2641.4422499999996,2665.0047000000004,45.43575148148742,26.450000000000273,35.051248748829366,BUY 1 tranche ($500),A,MA20<MA50 & Close<=MA50 & RSI<50
2024-12-30,2620.05,2628.125,2596.185,2605.965,2639.2177500000003,2662.7273999999998,43.81358439990921,31.940000000000055,34.82901669534156,BUY 1 tranche ($500),A,MA20<MA50 & Close<=MA50 & RSI<50
2024-12-31,2605.53,2627.585,2602.835,2624.585,2638.4939999999997,2660.8242,47.716659847870986,24.75,34.109086931388596,BUY 1 tranche ($500),A,MA20<MA50 & Close<=MA50 & RSI<50
2025-01-02,2624.835,2660.445,2621.895,2658.01,2639.2112500000003,2659.0040999999997,53.90665448518166,38.55000000000018,34.426295007718,WAIT,None,No rule matched
2025-01-03,2658.38,2665.35,2637.03,2638.26,2638.6195,2657.4589,50.130018070093165,28.31999999999971,33.99013107859526,WAIT,None,No rule matched
2025-01-06,2640.63,2649.405,2615.265,2636.085,2638.8245,2655.4609,49.71692878144765,34.14000000000033,34.00083600155277,BUY 1 tranche ($500),A,MA20<MA50 & Close<=MA50 & RSI<50
2025-01-07,2634.475,2664.255,2633.075,2648.735,2639.6620000000003,2653.5849,52.18482974126003,31.18000000000029,33.79934771572759,WAIT,None,No rule matched
2025-01-08,2648.545,2669.955,2645.325,2662.1,2639.74725,2651.9824,54.71375152301094,24.63000000000011,33.14439430746135,WAIT,None,No rule matched
2025-01-09,2661.585,2678.08,2655.75,2670.36,2638.568,2649.8959999999997,56.25370203595774,22.329999999999927,32.371937571214104,WAIT,None,No rule matched
2025-01-10,2670.63,2697.89,2664.3,2690.62,2637.1925,2647.9566000000004,59.8592401133026,33.58999999999969,32.45894203041308,WAIT,None,No rule matched
2025-01-13,2690.6,2693.34,2656.92,2663.045,2636.3015,2646.2934000000005,53.407302142328966,36.42000000000007,32.741874742526434,WAIT,None,No rule matched
2025-01-14,2663.68,2678.27,2659.99,2677.36,2637.7835,2645.1103000000003,56.05534815268133,18.2800000000002,31.708883689488847,WAIT,None,No rule matched
2025-01-15,2677.395,2697.3,2669.48,2696.525,2639.9735,2644.3071,59.383565072960614,27.820000000000164,31.431106283096796,WAIT,None,No rule matched
2025-01-16,2698.81,2724.74,2690.14,2714.685,2643.3762500000003,2643.7209,62.297422768622084,34.59999999999991,31.657455834304162,WAIT,None,No rule matched
2025-01-17,2714.79,2717.425,2700.085,2700.865,2649.1525,2644.5571,58.83801743850162,17.340000000000146,30.634780417568162,WAIT,B0,Uptrend above MA20; wait for pullback
2025-01-20,2703.33,2713.87,2689.54,2706.425,2654.7594999999997,2644.5554,59.80507869513674,24.329999999999927,30.184438959170432,WAIT,B0,Uptrend above MA20; wait for pullback
2025-01-21,2707.56,2745.91,2703.07,2744.81,2660.8455000000004,2645.7482,65.78207288678988,42.83999999999969,31.08840760494395,WAIT,B0,Uptrend above MA20; wait for pullback
2025-01-22,2744.865,2763.41,2742.025,2756.305,2668.0135,2648.4835,67.34793810063174,21.384999999999764,30.39530706173365,WAIT,B0,Uptrend above MA20; wait for pullback
2025-01-23,2756.245,2758.805,2736.055,2754.885,2674.94875,2651.6157000000003,66.94041416058684,22.75,29.84921370018125,WAIT,B0,Uptrend above MA20; wait for pullback
2025-01-24,2754.605,2785.745,2753.775,2771.105,2681.8142500000004,2655.5791,69.2307193365227,31.9699999999998,30.000698435882573,WAIT,B0,Uptrend above MA20; wait for pullback
2025-01-27,2770.8,2772.6,2730.62,2740.93,2688.083,2659.0967,60.792905171547744,41.98000000000002,30.856362833319533,WAIT,B0,Uptrend above MA20; wait for pullback
2025-01-28,2740.295,2765.025,2734.895,2763.89,2695.97925,2663.1279000000004,64.35301356706142,30.13000000000011,30.804479773796714,WAIT,B0,Uptrend above MA20; wait for pullback
2025-01-29,2763.055,2766.185,2745.105,2759.62,2702.731,2666.0829,63.20358770581405,21.079999999999927,30.109874075668372,WAIT,B0,Uptrend above MA20; wait for pullback
2025-01-30,2759.605,2798.425,2758.315,2794.195,2709.54025,2669.3214999999996,68.16233800736619,40.11000000000013,30.82416878454921,WAIT,B0,Uptrend above MA20; wait for pullback
2025-01-31,2793.73,2817.17,2791.2,2801.28,2717.6912500000003,2672.3418,69.08181960031992,25.970000000000255,30.477442442795716,WAIT,B0,Uptrend above MA20; wait for pullback
2025-02-03,2801.65,2830.49,2772.47,2815.0,2726.6369999999997,2675.2484999999997,70.83818686745894,58.01999999999998,32.44476798259602,WAIT,B0,Uptrend above MA20; wait for pullback
2025-02-04,2814.715,2845.43,2807.39,2842.58,2736.3292500000002,2677.9811,74.0317069080976,38.039999999999964,32.84442741241059,WAIT,B0,Uptrend above MA20; wait for pullback
2025-02-05,2841.955,2882.275,2839.885,2866.67,2746.55775,2682.8098999999997,76.4568983269026,42.38999999999987,33.52625402580983,WAIT,B0,Uptrend above MA20; wait for pullback
2025-02-06,2866.63,2873.225,2834.395,2856.035,2755.8414999999995,2687.2661,73.20649244489884,38.82999999999993,33.905093023966266,WAIT,B0,Uptrend above MA20; wait for pullback
2025-02-07,2856.585,2886.825,2852.805,2860.655,2764.3432500000004,2691.7603000000004,73.72899305678062,34.01999999999998,33.913300665111535,WAIT,B0,Uptrend above MA20; wait for pullback
2025-02-10,2858.98,2911.255,2855.025,2908.045,2776.5932500000004,2697.1694999999995,78.38524936369062,56.23000000000002,35.50735061760357,WAIT,B0,Uptrend above MA20; wait for pullback
2025-02-11,2908.04,2942.66,2882.06,2897.58,2787.6042500000003,2702.112,75.21494114546661,60.59999999999991,37.29968271634617,WAIT,B0,Uptrend above MA20; wait for pullback
2025-02-12,2897.61,2909.06,2864.78,2903.91,2797.9735,2707.409,75.85116862347661,44.279999999999745,37.798276808035716,WAIT,B0,Uptrend above MA20; wait for pullback
2025-02-13,2904.395,2929.53,2900.81,2928.14,2808.64625,2713.0984999999996,78.16200702881784,28.720000000000255,37.14982846460461,WAIT,B0,Uptrend above MA20; wait for pullback
2025-02-14,2927.945,2940.06,2877.16,2885.16,2817.861,2717.7998,66.0823026572846,62.90000000000009,38.98912643141857,WAIT,B0,Uptrend above MA20; wait for pullback
2025-02-17,2884.98,2906.365,2878.915,2899.265,2827.503,2723.1454000000003,67.83894080342702,27.449999999999818,38.16490311488866,WAIT,B0,Uptrend above MA20; wait for pullback
2025-02-18,2898.87,2936.95,2892.18,2935.29,2837.027,2729.2114999999994,71.84911779395645,44.76999999999998,38.63669574953946,WAIT,B0,Uptrend above MA20; wait for pullback
2025-02-19,2935.52,2946.91,2918.95,2932.94,2845.85875,2734.6623999999997,71.22521700529975,27.960000000000036,37.874074624572366,WAIT,B0,Uptrend above MA20; wait for pullback
2025-02-20,2933.46,2954.88,2924.63,2939.675,2855.09825,2739.577,71.97627652419756,30.25,37.32949786567434,WAIT,B0,Uptrend above MA20; wait for pullback
2025-02-21,2938.78,2949.79,2917.07,2934.92,2863.2889999999998,2743.9127999999996,70.57567389917173,32.7199999999998,37.000248018126165,WAIT,B0,Uptrend above MA20; wait for pullback
2025-02-24,2934.13,2956.18,2921.55,2952.76,2873.8805,2749.3507,72.72049492718959,34.629999999999654,36.83094458825999,WAIT,B0,Uptrend above MA20; wait for pullback
2025-02-25,2952.545,2953.585,2889.525,2914.995,2881.4357499999996,2754.6962,62.3581697620819,64.05999999999995,38.77587711766999,WAIT,B0,Uptrend above MA20; wait for pullback
2025-02-26,2914.99,2930.16,2891.14,2916.38,2889.27375,2759.9692999999997,62.56882816215428,39.01999999999998,38.79331446640785,WAIT,B0,Uptrend above MA20; wait for pullback
2025-02-27,2916.85,2920.85,2868.1,2877.07,2893.4175,2764.5781,53.429269226349035,52.75,39.79022057595015,BUY 1 tranche ($500),B,Uptrend dip to/under MA20 (≤1×ATR)
2025-02-28,2877.065,2885.095,2832.885,2854.945,2896.10075,2769.9702,49.083490820520424,52.20999999999958,40.677347677667974,WAIT,B*,Dip >1×ATR below MA20 (stretched)
2025-03-03,2855.6,2895.305,2855.6,2892.82,2899.99175,2775.9408999999996,55.722795276779856,40.35999999999967,40.65467998640595,BUY 1 tranche ($500),B,Uptrend dip to/under MA20 (≤1×ATR)
2025-03-04,2892.57,2927.84,2882.08,2917.99,2903.7622499999998,2781.8389,59.50209852200348,45.76000000000022,41.01934570166269,WAIT,B0,Uptrend above MA20; wait for pullback
2025-03-05,2917.855,2929.88,2894.65,2919.17,2906.38725,2787.9633999999996,59.67587061005513,35.23000000000002,40.60582100868678,WAIT,B0,Uptrend above MA20; wait for pullback
2025-03-06,2919.51,2926.55,2891.52,2911.14,2909.1425000000004,2793.8626,57.856513385621554,35.0300000000002,40.207548079494885,WAIT,B0,Uptrend above MA20; wait for pullback
2025-03-07,2911.37,2930.25,2897.39,2909.36,2911.57775,2799.3739,57.43847968697999,32.86000000000013,39.68272321667383,BUY 1 tranche ($500),B,Uptrend dip to/under MA20 (≤1×ATR)
2025-03-10,2911.96,2918.3,2880.33,2884.98,2910.4245,2804.7624,51.90651627726739,37.970000000000255,39.56038584405429,BUY 1 tranche ($500),B,Uptrend dip to/under MA20 (≤1×ATR)
2025-03-11,2884.86,2922.12,2880.97,2917.51,2911.421,2810.9932999999996,57.75314826781791,41.15000000000009,39.67392971233613,WAIT,B0,Uptrend above MA20; wait for pullback
2025-03-12,2917.65,2940.44,2906.35,2938.16,2913.1335,2817.2648,60.99477486201024,34.090000000000146,39.27507759002642,WAIT,B0,Uptrend above MA20; wait for pullback
2025-03-13,2938.25,2989.765,2933.03,2987.325,2916.0927500000003,2823.8511,67.40706022263392,56.73499999999967,40.522214905024505,WAIT,B0,Uptrend above MA20; wait for pullback
2025-03-14,2987.355,3004.945,2978.865,2985.045,2921.087,2830.7868000000003,66.85814175692653,26.080000000000382,39.490628126094215,WAIT,B0,Uptrend above MA20; wait for pullback
2025-03-17,2989.135,3003.66,2982.325,3000.285,2926.138,2838.0707999999995,68.69330411125347,21.335000000000036,38.193797545658924,WAIT,B0,Uptrend above MA20; wait for pullback
2025-03-18,3000.295,3038.205,2999.695,3034.55,2931.1009999999997,2845.7871,72.39451228982,38.50999999999976,38.2163834352547,WAIT,B0,Uptrend above MA20; wait for pullback
2025-03-19,3034.65,3051.98,3023.07,3050.21,2936.9645,2853.5493,73.91248741572271,28.909999999999854,37.55164176130793,WAIT,B0,Uptrend above MA20; wait for pullback
2025-03-20,3050.17,3057.34,3025.85,3045.81,2942.2712500000002,2861.0583,72.70281970638342,31.490000000000236,37.11866734978595,WAIT,B0,Uptrend above MA20; wait for pullback
2025-03-21,3045.75,3047.55,2999.61,3023.84,2946.71725,2867.7227,66.82210033004917,47.940000000000055,37.8916196819441,WAIT,B0,Uptrend above MA20; wait for pullback
2025-03-24,3025.68,3033.34,3002.61,3011.56,2949.6572499999997,2874.6929999999998,63.719644969359244,30.730000000000018,37.380075418948095,WAIT,B0,Uptrend above MA20; wait for pullback
2025-03-25,3011.59,3035.89,3007.73,3021.42,2954.9785,2881.5742,65.11995961148534,28.159999999999854,36.72149860330894,WAIT,B0,Uptrend above MA20; wait for pullback
2025-03-26,3021.38,3032.08,3012.47,3019.32,2960.1255,2888.0301,64.54852376668373,19.610000000000127,35.499248703072595,WAIT,B0,Uptrend above MA20; wait for pullback
2025-03-27,3019.5,3059.38,3017.73,3055.22,2969.0330000000004,2894.8408,69.47922561624164,41.65000000000009,35.93858808142456,WAIT,B0,Uptrend above MA20; wait for pullback
2025-03-28,3055.31,3086.81,3054.33,3085.25,2980.54825,2902.5285000000003,72.8774392337098,32.48000000000002,35.69154607560852,WAIT,B0,Uptrend above MA20; wait for pullback
2025-03-31,3088.82,3127.695,3076.935,3123.275,2992.071,2910.8655,76.45260776714889,50.76000000000022,36.767864213065074,WAIT,B0,Uptrend above MA20; wait for pullback
2025-04-01,3123.28,3149.01,3101.12,3114.36,3001.8895,2918.2564999999995,73.99010745301996,47.89000000000033,37.56230248356045,WAIT,B0,Uptrend above MA20; wait for pullback
2025-04-02,3114.345,3142.425,3105.515,3135.565,3012.70925,2925.8417,75.9725191156985,36.91000000000031,37.51570944902044,WAIT,B0,Uptrend above MA20; wait for pullback
2025-04-03,3138.74,3167.59,3054.25,3114.735,3022.889,2933.0387,70.30398330478809,113.34000000000015,42.931730202661846,WAIT,B0,Uptrend above MA20; wait for pullback
2025-04-04,3115.1,3136.235,3015.985,3036.385,3029.24025,2938.3442999999997,53.98705460211696,120.25,48.454463759614576,WAIT,B0,Uptrend above MA20; wait for pullback
2025-04-07,3015.76,3054.69,2956.88,2983.235,3034.1530000000002,2943.1904000000004,46.16038720590882,97.80999999999995,51.97985920535639,BUY 1 tranche ($500),B,Uptrend dip to/under MA20 (≤1×ATR)
2025-04-08,2981.645,3022.745,2975.025,2982.835,3037.41925,2947.5693,46.106213554659504,47.7199999999998,51.67558354783092,WAIT,B*,Dip >1×ATR below MA20 (stretched)
2025-04-09,2983.205,3099.235,2970.375,3082.94,3044.65825,2954.0357,59.05660685447323,128.86000000000013,57.18875615155729,WAIT,B0,Uptrend above MA20; wait for pullback
2025-04-10,3083.905,3176.405,3071.575,3175.605,3054.07225,2961.6639,66.96904068875017,104.83000000000038,60.5917021407318,WAIT,B0,Uptrend above MA20; wait for pullback
2025-04-11,3175.75,3245.45,3175.75,3230.98,3066.369,2970.2578999999996,70.6226459922876,69.8449999999998,61.252651987822375,WAIT,B0,Uptrend above MA20; wait for pullback
2025-04-14,3228.38,3245.685,3193.835,3210.705,3076.89,2978.172,67.6711916239449,51.84999999999991,60.5810339886922,WAIT,B0,Uptrend above MA20; wait for pullback
2025-04-15,3211.655,3233.405,3210.215,3230.065,3086.66575,2985.9217000000003,69.0032916549924,23.190000000000055,57.910245846642766,WAIT,B0,Uptrend above MA20; wait for pullback
2025-04-16,3230.845,3343.24,3229.935,3343.055,3101.308,2995.4494,75.3795099070591,113.30499999999984,61.86701400045399,WAIT,B0,Uptrend above MA20; wait for pullback
2025-04-17,3343.315,3357.635,3284.345,3327.365,3115.38575,3004.8759999999997,73.12988502882094,73.29000000000042,62.682941571850165,WAIT,B0,Uptrend above MA20; wait for pullback
2025-04-21,3332.605,3430.535,3329.445,3424.405,3135.4139999999998,3016.151,77.58542062567429,103.17000000000007,65.57487431671802,WAIT,B0,Uptrend above MA20; wait for pullback
2025-04-22,3423.945,3499.955,3367.495,3381.16,3153.8940000000002,3025.6133,71.86634611582396,132.46000000000004,70.35238329409532,WAIT,B0,Uptrend above MA20; wait for pullback
2025-04-23,3353.18,3386.35,3261.15,3288.33,3167.2395,3033.4283,61.40296363056081,125.19999999999982,74.27007020165993,WAIT,B0,Uptrend above MA20; wait for pullback
2025-04-24,3289.73,3367.32,3289.73,3349.595,3183.7532499999998,3042.342,65.02243298993535,78.99000000000024,74.60720804439853,WAIT,B0,Uptrend above MA20; wait for pullback
2025-04-25,3351.305,3370.665,3265.425,3304.985,3196.2415,3049.8789,60.56851381648665,105.23999999999978,76.79526461265577,WAIT,B0,Uptrend above MA20; wait for pullback
2025-04-28,3325.35,3352.995,3268.435,3343.885,3209.1732500000003,3059.0534000000002,62.951656121720475,84.55999999999995,77.34988856889464,WAIT,B0,Uptrend above MA20; wait for pullback
2025-04-29,3344.785,3348.575,3300.085,3317.245,3218.8717500000002,3067.413,60.26541919716567,48.48999999999978,75.28846795683073,WAIT,B0,Uptrend above MA20; wait for pullback
2025-04-30,3315.29,3327.845,3267.735,3288.4,3227.5737500000005,3074.4752000000003,57.408898501129286,60.10999999999967,74.20429167419995,WAIT,B0,Uptrend above MA20; wait for pullback
2025-05-01,3287.955,3290.18,3202.78,3238.95,3232.743,3080.5954,52.78938508890676,87.39999999999964,75.14684226889993,WAIT,B0,Uptrend above MA20; wait for pullback
2025-05-02,3240.495,3269.29,3223.13,3233.67,3238.68975,3086.4752999999996,52.3054178058317,46.159999999999854,73.07635353540707,BUY 1 tranche ($500),B,Uptrend dip to/under MA20 (≤1×ATR)
2025-05-05,3241.03,3337.455,3237.935,3333.915,3253.56625,3094.4552000000003,59.83441270656827,103.78499999999985,75.26982828287798,WAIT,B0,Uptrend above MA20; wait for pullback
2025-05-06,3335.865,3434.945,3323.775,3431.765,3275.99275,3104.0353000000005,65.55089305961341,111.17000000000007,77.83412626267243,WAIT,B0,Uptrend above MA20; wait for pullback
2025-05-07,3437.845,3437.935,3360.485,3364.485,3295.0752500000003,3113.0251000000003,59.30134029665298,77.44999999999982,77.80668867248153,WAIT,B0,Uptrend above MA20; wait for pullback
2025-05-08,3364.48,3414.54,3289.18,3305.51,3306.2037499999997,3120.8077000000003,54.404956586713446,125.36000000000013,81.20335376730428,BUY 1 tranche ($500),B,Uptrend dip to/under MA20 (≤1×ATR)
2025-05-09,3306.79,3347.395,3274.845,3328.945,3313.8707499999996,3129.8451999999997,55.9610289526117,72.55000000000018,80.5852570696397,WAIT,B0,Uptrend above MA20; wait for pullback
2025-05-12,3271.86,3311.24,3207.875,3235.915,3314.1175000000003,3137.4646000000002,48.83588038315255,121.07000000000016,83.4770244218083,BUY 1 tranche ($500),B,Uptrend dip to/under MA20 (≤1×ATR)
2025-05-13,3238.655,3265.145,3216.195,3250.225,3316.0935,3144.6127,49.892723033260545,48.94999999999982,81.01080839167912,BUY 1 tranche ($500),B,Uptrend dip to/under MA20 (≤1×ATR)
2025-05-14,3250.22,3257.12,3169.04,3177.53,3313.4667500000005,3149.8035,44.82707702457334,88.07999999999993,81.51575064941632,WAIT,B*,Dip >1×ATR below MA20 (stretched)
2025-05-15,3177.33,3240.67,3121.19,3239.83,3308.3055,3156.2167,49.55413961725723,119.48000000000002,84.22748274588659,BUY 1 tranche ($500),B,Uptrend dip to/under MA20 (≤1×ATR)
2025-05-16,3240.23,3252.16,3154.69,3192.46,3301.56025,3161.8431,46.30552500002277,97.4699999999998,85.1733768354661,WAIT,B*,Dip >1×ATR below MA20 (stretched)
2025-05-19,3210.48,3249.705,3207.105,3229.755,3291.8277500000004,3168.251,49.13292299959737,57.24499999999989,83.17849277578995,BUY 1 tranche ($500),B,Uptrend dip to/under MA20 (≤1×ATR)
2025-05-20,3230.68,3295.755,3204.685,3289.985,3287.2690000000002,3176.3511,53.40053755682842,91.07000000000016,83.74217186323354,WAIT,B0,Uptrend above MA20; wait for pullback
2025-05-21,3290.6,3324.85,3286.11,3315.43,3288.624,3184.3095000000003,55.113844180096514,38.73999999999978,80.5277310158597,WAIT,B0,Uptrend above MA20; wait for pullback
2025-05-22,3315.425,3345.365,3280.575,3294.745,3285.8815000000004,3191.4411999999998,53.39516861459296,64.78999999999996,79.40360737186973,WAIT,B0,Uptrend above MA20; wait for pullback
2025-05-23,3294.75,3365.91,3287.32,3360.91,3288.6777500000003,3198.9129,57.915900138544565,78.58999999999969,79.3454925595933,WAIT,B0,Uptrend above MA20; wait for pullback
2025-05-26,3355.43,3356.62,3324.4,3342.25,3288.596,3206.0569999999993,56.25847568625954,36.50999999999976,76.28581451962233,WAIT,B0,Uptrend above MA20; wait for pullback
2025-05-27,3343.13,3349.785,3286.555,3300.705,3287.7690000000002,3212.0654000000004,52.646091964967496,63.23000000000002,75.35325633964932,WAIT,B0,Uptrend above MA20; wait for pullback
2025-05-28,3301.715,3325.395,3277.105,3287.525,3287.7252500000004,3217.1249,51.515960294092025,48.289999999999964,73.42016660110293,BUY 1 tranche ($500),B,Uptrend dip to/under MA20 (≤1×ATR)
2025-05-29,3287.52,3330.64,3245.72,3317.72,3291.6637499999997,3222.4751,53.954631058791314,84.92000000000007,74.24158327245273,WAIT,B0,Uptrend above MA20; wait for pullback
2025-05-30,3317.725,3322.665,3272.025,3294.895,3294.725,3227.4568,51.832289858685336,50.63999999999987,72.55575589584896,WAIT,B0,Uptrend above MA20; wait for pullback
2025-06-02,3299.42,3382.88,3299.42,3381.62,3297.11025,3234.6124,58.51027223564547,87.98500000000013,73.65784476043119,WAIT,B0,Uptrend above MA20; wait for pullback
2025-06-03,3382.59,3392.18,3333.56,3353.45,3293.1945,3241.4502,55.8039385600972,58.61999999999989,72.58371299182895,WAIT,B0,Uptrend above MA20; wait for pullback
2025-06-04,3353.445,3384.675,3344.095,3372.695,3293.6050000000005,3248.4757,57.258443848754574,40.58000000000038,70.29773349241262,WAIT,B0,Uptrend above MA20; wait for pullback
2025-06-05,3372.7,3402.79,3339.98,3352.82,3295.9705000000004,3255.1457,55.236667505742496,62.809999999999945,69.7628953858117,WAIT,B0,Uptrend above MA20; wait for pullback
2025-06-06,3352.825,3375.625,3311.455,3312.435,3295.1449999999995,3260.29,51.27484038902289,64.17000000000007,69.36340285825374,WAIT,B0,Uptrend above MA20; wait for pullback
2025-06-09,3311.845,3338.185,3293.875,3325.665,3299.6324999999997,3265.0982999999997,52.47736238308515,44.309999999999945,67.57387408266418,WAIT,B0,Uptrend above MA20; wait for pullback
2025-06-10,3326.225,3349.195,3301.975,3323.225,3303.2825,3269.0973,52.22138428768644,47.220000000000255,66.12002593390247,WAIT,B0,Uptrend above MA20; wait for pullback
2025-06-11,3322.245,3360.515,3315.845,3355.075,3312.1597500000003,3273.9116000000004,55.28733820782825,44.67000000000007,64.587881224338,WAIT,B0,Uptrend above MA20; wait for pullback
2025-06-12,3356.525,3398.835,3339.145,3385.88,3319.4622499999996,3278.9179000000004,58.0886422667354,59.690000000000055,64.23803256545673,WAIT,B0,Uptrend above MA20; wait for pullback
2025-06-13,3385.355,3446.72,3380.02,3432.53,3331.4657500000003,3285.2738,61.973955167342005,66.69999999999982,64.41388738220981,WAIT,B0,Uptrend above MA20; wait for pullback
2025-06-16,3452.005,3454.04,3382.99,3385.24,3339.2400000000002,3292.2509000000005,56.27837262859247,71.05000000000018,64.88789542633769,WAIT,B0,Uptrend above MA20; wait for pullback
2025-06-17,3386.13,3403.33,3366.36,3388.63,3344.1722500000005,3300.3588,56.58638626335215,36.9699999999998,62.89376003874214,WAIT,B0,Uptrend above MA20; wait for pullback
2025-06-18,3391.62,3399.86,3362.89,3369.41,3346.87125,3308.0903000000003,54.2527469927501,36.970000000000255,61.042062893117716,WAIT,B0,Uptrend above MA20; wait for pullback
2025-06-19,3369.415,3387.745,3348.005,3370.625,3350.6652499999996,3313.844,54.380825649307134,39.73999999999978,59.52048697218072,WAIT,B0,Uptrend above MA20; wait for pullback
2025-06-20,3370.255,3374.365,3340.535,3365.465,3350.893,3317.6412,53.693298372419264,33.82999999999993,57.685452188453525,WAIT,B0,Uptrend above MA20; wait for pullback
2025-06-23,3396.525,3396.525,3347.705,3368.755,3352.2182500000004,3320.3967000000002,54.09183200507867,48.820000000000164,57.052205603564005,WAIT,B0,Uptrend above MA20; wait for pullback
2025-06-24,3368.4,3369.515,3295.695,3324.035,3353.38475,3322.6633,48.03965538345111,73.81999999999971,58.24990520330941,BUY 1 tranche ($500),B,Uptrend dip to/under MA20 (≤1×ATR)
2025-06-25,3324.635,3337.065,3312.215,3332.295,3355.6232499999996,3324.7079,49.170896772585145,24.84999999999991,55.8641976887873,BUY 1 tranche ($500),B,Uptrend dip to/under MA20 (≤1×ATR)
2025-06-26,3335.045,3350.245,3310.405,3327.905,3356.1324999999997,3324.4049,48.56571999907571,39.83999999999969,54.719612139588186,BUY 1 tranche ($500),B,Uptrend dip to/under MA20 (≤1×ATR)
2025-06-27,3327.8,3327.995,3256.535,3271.135,3354.9445,3323.2803000000004,41.45951967247764,71.46000000000004,55.915354129617604,WAIT,B*,Dip >1×ATR below MA20 (stretched)
2025-06-30,3277.21,3309.45,3248.61,3303.05,3351.0159999999996,3320.8532,46.22340755840679,60.83999999999969,56.267114548930614,BUY 1 tranche ($500),B,Uptrend dip to/under MA20 (≤1×ATR)
2025-07-01,3303.045,3357.845,3302.415,3338.525,3350.2697500000004,3320.0005,50.99694812667262,55.429999999999836,56.20732065257842,BUY 1 tranche ($500),B,Uptrend dip to/under MA20 (≤1×ATR)
2025-07-02,3339.34,3360.055,3327.745,3357.675,3349.51875,3321.3874,53.401585200709256,32.309999999999945,54.50036917739424,WAIT,B0,Uptrend above MA20; wait for pullback
2025-07-03,3358.51,3365.825,3311.905,3326.105,3348.183,3320.9175999999993,49.12207921339708,53.91999999999962,54.45891423615177,BUY 1 tranche ($500),B,Uptrend dip to/under MA20 (≤1×ATR)
2025-07-04,3325.725,3345.095,3323.695,3337.345,3349.4284999999995,3321.5647999999997,50.63878635313202,21.399999999999636,52.097563219283764,BUY 1 tranche ($500),B,Uptrend dip to/under MA20 (≤1×ATR)
2025-07-07,3336.21,3342.525,3297.035,3336.965,3349.9935000000005,3321.4264000000003,50.58388456079116,45.49000000000024,51.62559441790637,BUY 1 tranche ($500),B,Uptrend dip to/under MA20 (≤1×ATR)
2025-07-08,3339.36,3345.715,3287.435,3301.605,3348.9125,3321.1135999999997,45.626694357275944,58.2800000000002,52.100909102341646,BUY 1 tranche ($500),B,Uptrend dip to/under MA20 (≤1×ATR)
2025-07-09,3302.635,3316.885,3282.965,3313.685,3346.843,3321.6193,47.51888890794925,33.92000000000007,50.80227273788868,BUY 1 tranche ($500),B,Uptrend dip to/under MA20 (≤1×ATR)
2025-07-10,3314.645,3330.325,3310.435,3324.045,3343.7512500000003,3323.3212,49.153150608784514,19.889999999999873,48.594253256610905,BUY 1 tranche ($500),B,Uptrend dip to/under MA20 (≤1×ATR)
2025-07-11,3324.495,3359.905,3322.005,3356.445,3339.947,3325.7767000000003,53.97971217965461,37.90000000000009,47.83037802399585,WAIT,B0,Uptrend above MA20; wait for pullback
2025-07-14,3363.19,3374.965,3341.195,3343.505,3337.86025,3325.9685,51.86232755108024,33.76999999999998,46.826065307996146,WAIT,B0,Uptrend above MA20; wait for pullback
2025-07-15,3344.385,3366.315,3320.415,3323.985,3334.6279999999997,3323.8129,48.7554604653769,45.90000000000009,46.75991778599643,BUY 1 tranche ($500),B,Uptrend dip to/under MA20 (≤1×ATR)
2025-07-16,3324.585,3376.785,3319.945,3347.575,3333.53625,3323.4747,52.46180801708952,56.83999999999969,47.479923658425236,WAIT,B0,Uptrend above MA20; wait for pullback
2025-07-17,3348.825,3352.145,3310.035,3339.205,3331.9652499999997,3324.1486,51.05094600149534,42.11000000000013,47.096357682823445,WAIT,B0,Uptrend above MA20; wait for pullback
2025-07-18,3341.755,3361.255,3331.925,3348.295,3331.1067500000004,3324.5356000000006,52.54360012405197,29.329999999999927,45.82733213405034,WAIT,B0,Uptrend above MA20; wait for pullback
2025-07-21,3349.57,3401.145,3343.44,3397.135,3332.52575,3327.76,59.66121033569313,57.70499999999993,46.675736981618165,WAIT,B0,Uptrend above MA20; wait for pullback
2025-07-22,3397.715,3433.415,3383.415,3431.745,3337.91125,3331.3903999999998,63.80415180190121,50.0,46.91318434007401,WAIT,B0,Uptrend above MA20; wait for pullback
2025-07-23,3432.055,3439.025,3382.195,3387.265,3340.6597500000003,3335.5851000000002,55.863407374255445,56.82999999999993,47.621528315783,WAIT,B0,Uptrend above MA20; wait for pullback
2025-07-24,3389.855,3393.475,3351.605,3368.625,3342.6957500000003,3338.1610000000005,52.89260962289594,41.86999999999989,47.21070486465564,WAIT,B0,Uptrend above MA20; wait for pullback
2025-07-25,3368.425,3373.365,3325.555,3337.535,3346.01575,3341.0625,48.28072004488122,47.809999999999945,47.25351166003738,BUY 1 tranche ($500),B,Uptrend dip to/under MA20 (≤1×ATR)
2025-07-28,3316.95,3345.215,3301.985,3314.625,3346.5945,3342.7599,45.156152703060734,43.23000000000002,46.966117970034716,BUY 1 tranche ($500),B,Uptrend dip to/under MA20 (≤1×ATR)
2025-07-29,3314.955,3333.995,3308.405,3326.615,3345.999,3343.4925,47.08618253941619,25.58999999999969,45.4392524007465,BUY 1 tranche ($500),B,Uptrend dip to/under MA20 (≤1×ATR)
2025-07-30,3326.915,3334.075,3268.415,3275.52,3341.8912499999997,3342.6943,40.539018227621625,65.65999999999985,46.88359151497888,BUY 1 tranche ($500),A,MA20<MA50 & Close<=MA50 & RSI<50
2025-07-31,3276.765,3314.685,3274.155,3289.985,3340.08525,3342.5991000000004,42.957180600427314,40.529999999999745,46.42976354962323,BUY 1 tranche ($500),A,MA20<MA50 & Close<=MA50 & RSI<50
2025-08-01,3290.435,3361.275,3281.795,3357.095,3341.0727500000003,3342.5228,52.59043147408482,79.48000000000002,48.790494724650145,WAIT,None,No rule matched
2025-08-04,3366.445,3385.365,3345.125,3373.705,3342.9097500000003,3343.1519,54.632560748495266,40.23999999999978,48.17974510146083,WAIT,None,No rule matched
2025-08-05,3374.525,3390.455,3349.985,3380.895,3346.87425,3344.7557,55.525601450580574,40.4699999999998,47.62904902278505,WAIT,B0,Uptrend above MA20; wait for pullback
2025-08-06,3381.45,3385.395,3358.345,3369.365,3349.6582499999995,3346.3925,53.700079677497286,27.050000000000182,46.15911694972899,WAIT,B0,Uptrend above MA20; wait for pullback
2025-08-07,3370.575,3401.765,3365.345,3397.78,3353.3450000000003,3347.9937,57.415817762450246,36.42000000000007,45.46346573903407,WAIT,B0,Uptrend above MA20; wait for pullback
2025-08-08,3404.015,3407.33,3377.8,3398.505,3355.4480000000003,3350.0659,57.50951602925219,29.529999999999745,44.32536104338877,WAIT,B0,Uptrend above MA20; wait for pullback
2025-08-11,3399.265,3404.625,3341.695,3342.625,3355.404,3349.2860000000005,48.62824858702655,62.929999999999836,45.65426382600385,BUY 1 tranche ($500),B,Uptrend dip to/under MA20 (≤1×ATR)
2025-08-12,3343.3,3358.365,3331.335,3348.205,3356.6150000000002,3349.1811,49.467455185737066,27.029999999999745,44.32395926700356,BUY 1 tranche ($500),B,Uptrend dip to/under MA20 (≤1×ATR)
2025-08-13,3349.155,3370.705,3342.755,3355.995,3357.036,3348.8470999999995,50.67879539910927,27.949999999999818,43.15439074793186,BUY 1 tranche ($500),B,Uptrend dip to/under MA20 (≤1×ATR)
2025-08-14,3357.255,3374.715,3330.025,3335.535,3356.8525,3348.5013999999996,47.46081765499215,44.690000000000055,43.264077123079595,BUY 1 tranche ($500),B,Uptrend dip to/under MA20 (≤1×ATR)
2025-08-15,3336.915,3348.855,3332.435,3339.135,3356.3945,3349.0353999999998,48.08545416689106,16.420000000000073,41.34664304285963,BUY 1 tranche ($500),B,Uptrend dip to/under MA20 (≤1×ATR)
2025-08-18,3337.09,3358.305,3323.815,3332.915,3353.1835,3349.1804,47.04474883801358,34.48999999999978,40.8568828255125,BUY 1 tranche ($500),B,Uptrend dip to/under MA20 (≤1×ATR)
2025-08-19,3333.61,3345.325,3315.085,3315.9,3347.3912499999997,3349.0339000000004,44.22501389549024,30.23999999999978,40.09853405226159,BUY 1 tranche ($500),A,MA20<MA50 & Close<=MA50 & RSI<50
2025-08-20,3316.525,3350.035,3311.625,3348.515,3345.4537499999997,3348.9026999999996,50.36610578078983,38.409999999999854,39.977924477100046,WAIT,None,No rule matched
2025-08-21,3350.565,3352.175,3325.865,3339.075,3343.9762500000006,3347.9665999999997,48.69490383708196,26.3100000000004,39.00164415730722,BUY 1 tranche ($500),A,MA20<MA50 & Close<=MA50 & RSI<50
2025-08-22,3339.185,3378.665,3321.525,3373.235,3345.7612500000005,3346.7807000000003,54.5693875192355,57.13999999999987,40.297241003213834,WAIT,None,No rule matched
2025-08-25,3371.3,3376.175,3359.845,3365.775,3348.31875,3346.3914,53.13844019528997,16.330000000000382,38.585295217270016,WAIT,B0,Uptrend above MA20; wait for pullback
2025-08-26,3365.58,3393.715,3351.395,3393.685,3351.6722500000005,3346.4925,57.616380520660755,42.320000000000164,38.852059844607886,WAIT,B0,Uptrend above MA20; wait for pullback
2025-08-27,3393.35,3398.805,3373.955,3397.475,3357.7699999999995,3347.0538,58.20049338877964,24.84999999999991,37.85191271285017,WAIT,B0,Uptrend above MA20; wait for pullback
2025-08-28,3398.985,3423.005,3384.735,3416.615,3364.1014999999998,3347.9736,61.11501996134739,38.26999999999998,37.881776090503735,WAIT,B0,Uptrend above MA20; wait for pullback
2025-08-29,3417.665,3453.725,3404.545,3452.355,3368.8645000000006,3349.7114,65.8967970941952,49.179999999999836,38.68879208403917,WAIT,B0,Uptrend above MA20; wait for pullback
2025-09-01,3448.08,3489.865,3437.155,3476.665,3374.0125,3351.8695999999995,68.71491931226353,52.70999999999958,39.6903069351792,WAIT,B0,Uptrend above MA20; wait for pullback
2025-09-02,3477.51,3539.935,3470.365,3533.125,3381.624,3356.0513999999994,74.073493568238,69.57000000000016,41.82457072552356,WAIT,B0,Uptrend above MA20; wait for pullback
2025-09-03,3532.43,3578.425,3526.575,3559.605,3391.136,3360.5976,76.13784409784118,51.850000000000364,42.54067281655762,WAIT,B0,Uptrend above MA20; wait for pullback
2025-09-04,3561.375,3563.825,3511.995,3545.955,3398.54475,3364.9586,72.91488359141651,51.82999999999993,43.2041961868035,WAIT,B0,Uptrend above MA20; wait for pullback
2025-09-05,3546.145,3599.985,3540.155,3594.685,3408.3537499999998,3371.4295999999995,76.70584837409669,59.82999999999993,44.39175360203182,WAIT,B0,Uptrend above MA20; wait for pullback
2025-09-08,3584.655,3646.135,3580.235,3636.02,3423.0235000000002,3378.0890000000004,79.34654208676594,65.90000000000009,45.92805691617241,WAIT,B0,Uptrend above MA20; wait for pullback
2025-09-09,3635.63,3673.825,3625.74,3626.01,3436.9137499999997,3383.8387,77.0680561245044,48.085000000000036,46.08212427930296,WAIT,B0,Uptrend above MA20; wait for pullback
2025-09-10,3622.95,3657.445,3621.015,3640.705,3451.14925,3389.4993,78.06391471596481,36.43000000000029,45.392686830781344,WAIT,B0,Uptrend above MA20; wait for pullback
2025-09-11,3642.95,3649.115,3614.315,3634.035,3466.07425,3395.6579,76.44126200545776,34.79999999999973,44.636066342868375,WAIT,B0,Uptrend above MA20; wait for pullback
2025-09-12,3634.215,3656.615,3630.565,3644.185,3481.32675,3401.7947000000004,77.21733862544613,26.049999999999727,43.30849017552062,WAIT,B0,Uptrend above MA20; wait for pullback
2025-09-15,3645.14,3685.505,3626.815,3679.245,3498.64325,3408.6402999999996,79.70439246477997,58.690000000000055,44.40716944869772,WAIT,B0,Uptrend above MA20; wait for pullback
2025-09-16,3680.33,3703.075,3674.955,3689.805,3517.3385000000003,3416.4043,80.39846908170718,28.11999999999989,43.243800202362166,WAIT,B0,Uptrend above MA20; wait for pullback
2025-09-17,3689.505,3707.235,3646.255,3659.65,3532.89525,3423.3235999999997,72.74770592397012,60.98000000000002,44.51067161647916,WAIT,B0,Uptrend above MA20; wait for pullback
2025-09-18,3659.69,3672.975,3628.345,3644.475,3548.1652500000005,3429.7322,69.17998017920297,44.63000000000011,44.51919507244494,WAIT,B0,Uptrend above MA20; wait for pullback
2025-09-19,3643.755,3685.205,3632.955,3684.445,3563.72575,3436.2922,72.94380203298913,52.25,45.071395424413154,WAIT,B0,Uptrend above MA20; wait for pullback
2025-09-22,3687.4,3748.825,3683.815,3746.5,3582.762,3444.3521,77.5315238833767,65.00999999999976,46.495581465526485,WAIT,B0,Uptrend above MA20; wait for pullback
2025-09-23,3745.805,3790.985,3737.375,3764.68,3601.31175,3453.1659999999997,78.67248875416884,53.61000000000013,47.00375421798889,WAIT,B0,Uptrend above MA20; wait for pullback
2025-09-24,3765.895,3779.195,3717.485,3736.135,3618.2447500000003,3460.9372,72.45140143359646,61.710000000000036,48.054200345275405,WAIT,B0,Uptrend above MA20; wait for pullback
2025-09-25,3736.805,3761.515,3722.595,3749.375,3634.8827499999998,3469.1406,73.4981960171746,38.92000000000007,47.40175746347003,WAIT,B0,Uptrend above MA20; wait for pullback
2025-09-26,3751.29,3783.695,3734.855,3766.715,3650.60075,3477.5089999999996,74.84625943919256,48.840000000000146,47.50448907322218,WAIT,B0,Uptrend above MA20; wait for pullback
2025-09-29,3757.415,3834.225,3757.05,3833.46,3668.4404999999997,3486.2355,79.22650772076693,77.17499999999973,49.62381128227772,WAIT,B0,Uptrend above MA20; wait for pullback
2025-09-30,3833.345,3871.785,3793.385,3858.72,3684.72025,3494.775,80.60316641732454,78.39999999999964,51.67925333354357,WAIT,B0,Uptrend above MA20; wait for pullback
2025-10-01,3858.98,3895.345,3853.565,3865.745,3700.02725,3504.3445999999994,80.98066025954043,41.779999999999745,50.972163809719014,WAIT,B0,Uptrend above MA20; wait for pullback
2025-10-02,3868.085,3896.575,3820.165,3856.605,3715.5597499999994,3514.1041999999998,78.83104437456474,76.40999999999985,52.78915210902478,WAIT,B0,Uptrend above MA20; wait for pullback
2025-10-03,3856.285,3891.405,3838.235,3885.925,3730.12175,3525.072,80.60922986082602,53.17000000000007,52.81635552980873,WAIT,B0,Uptrend above MA20; wait for pullback
2025-10-06,3888.295,3969.835,3884.405,3960.055,3746.3235,3537.9806,84.21864364659848,85.42999999999984,55.145901563393814,WAIT,B0,Uptrend above MA20; wait for pullback
2025-10-07,3958.905,3990.975,3941.025,3984.845,3764.2652499999995,3551.1452000000004,85.21010098843556,49.94999999999982,54.7747657374371,WAIT,B0,Uptrend above MA20; wait for pullback
2025-10-08,3984.985,4059.075,3983.405,4041.01,3784.2805,3566.455,87.17586628584307,75.66999999999962,56.267282470477284,WAIT,B0,Uptrend above MA20; wait for pullback
2025-10-09,4044.36,4057.855,3945.085,3977.06,3801.4317499999997,3580.1964999999996,74.95924458801187,112.76999999999998,60.30319086544319,WAIT,B0,Uptrend above MA20; wait for pullback
2025-10-10,3975.085,4022.105,3947.625,4010.675,3819.75625,3593.2681,76.7997015876058,74.48000000000002,61.31582008934011,WAIT,B0,Uptrend above MA20; wait for pullback
2025-10-13,3994.32,4117.185,3994.32,4110.23,3841.3055,3607.9986,81.20549217334764,122.86500000000024,65.71219008295868,WAIT,B0,Uptrend above MA20; wait for pullback
2025-10-14,4109.425,4179.575,4090.885,4141.98,3863.9142499999994,3623.2202999999995,82.35625640286746,88.6899999999996,67.35346221989018,WAIT,B0,Uptrend above MA20; wait for pullback
2025-10-15,4144.04,4218.255,4140.815,4208.05,3891.33425,3639.994,84.48512535428974,77.44000000000051,68.07392920418377,WAIT,B0,Uptrend above MA20; wait for pullback
2025-10-16,4210.195,4330.495,4200.435,4328.08,3925.5144999999998,3658.6,87.44815468926308,130.0599999999995,72.50150568959918,WAIT,B0,Uptrend above MA20; wait for pullback
2025-10-17,4332.045,4379.535,4187.775,4225.385,3952.5615,3675.1376,74.3627464089389,191.76000000000022,81.01996956891355,WAIT,B0,Uptrend above MA20; wait for pullback
2025-10-20,4252.07,4381.205,4219.325,4356.07,3983.04,3695.4064999999996,78.72547025493691,161.8800000000001,86.79568602827689,WAIT,B0,Uptrend above MA20; wait for pullback
2025-10-21,4354.315,4375.125,4082.055,4124.82,4001.0469999999996,3710.9388,59.447526925413676,293.07000000000016,101.5295655976857,WAIT,B0,Uptrend above MA20; wait for pullback
